id,title,author,year,canonical_id
1,Just military building,Paula Moreno,1828,paula-moreno-1
2,Ask again,Noah Rhodes,1989,noah-rhodes-2
3,Discover detail audience,Derek Zuniga,1862,derek-zuniga-3
4,Arrive attack all form,Dylan Miller,1835,dylan-miller-4
5,Draw protect Democrat,Shane Henderson,1826,shane-henderson-5
6,Rich think,Anthony Humphrey,1989,anthony-humphrey-6
7,Line six space,Debra Davidson,1822,debra-davidson-7
8,Behind probably,Cassandra Gaines,1908,cassandra-gaines-8
9,Interest level rock,Angie Henderson,1807,angie-henderson-9
10,Art rock,Connie Lawrence,1855,connie-lawrence-10
11,Eat couple,Dylan Miller,1929,dylan-miller-11
12,Cell contain leg,Elizabeth Fowler,1806,elizabeth-fowler-12
13,Kitchen technology,Jeffrey Chavez,1850,jeffrey-chavez-13
14,Better present music,Philip Cannon,1966,philip-cannon-14
15,Better,Angelica Tucker,1939,angelica-tucker-15
16,Coach magazine,Justin Baker,1856,justin-baker-16
17,Ten total,Zachary Hicks,1950,zachary-hicks-17
18,Her world,Derek Zuniga,2007,derek-zuniga-18
19,Unit size,Allison Hill,1994,allison-hill-19
20,Institution whatever,Monica Herrera,1978,monica-herrera-20
21,Product main couple,Stephanie Ross,1887,stephanie-ross-21
22,Why often,Derek Zuniga,1839,derek-zuniga-22
23,Article finish anyone,Michele Williams,1995,michele-williams-23
24,Me system church,Patty Perez,1826,patty-perez-24
25,Bag control organization,Connie Lawrence,1897,connie-lawrence-25
26,Identify walk,Abigail Shaffer,1891,abigail-shaffer-26
27,East organization people,Ethan Adams,1954,ethan-adams-27
28,Price north first,Holly Wood,2006,holly-wood-28
29,Daughter respond,Angie Henderson,1986,angie-henderson-29
30,Enter capital,Anthony Rodriguez,1937,anthony-rodriguez-30
31,Lead upon,Gina Moore,1896,gina-moore-31
32,Act perform,Connie Lawrence,1941,connie-lawrence-32
33,You available defense,Lisa Jackson,2012,lisa-jackson-33
34,Car give,Paula Moreno,1958,paula-moreno-34
35,These hard,Tommy Walter,1947,tommy-walter-35
36,Just myself,Lisa Hensley,1980,lisa-hensley-36
37,Particularly would,Cristian Santos,1811,cristian-santos-37
38,Account stage federal,Sherry Decker,1858,sherry-decker-38
39,Voice care,Eric Carney,1874,eric-carney-39
40,Threat score,Connie Lawrence,2018,connie-lawrence-40
41,Evening painting,Dylan Miller,2021,dylan-miller-41
42,Data plant enough,Abigail Shaffer,1897,abigail-shaffer-42
43,Economy traditional anything,Derek Zuniga,1916,derek-zuniga-43
44,Stop analysis four,Paula Moreno,2013,paula-moreno-44
45,Pm energy,Tommy Walter,1841,tommy-walter-45
46,Necessary into act,Tommy Walter,1890,tommy-walter-46
47,War real,Michele Williams,1971,michele-williams-47
48,Nation strong,Derek Zuniga,1979,derek-zuniga-48
49,Need involve among half,Anthony Humphrey,1965,anthony-humphrey-49
50,Way,Cristian Santos,1955,cristian-santos-50
51,Decide economic bill,Paula Moreno,1843,paula-moreno-51
52,This image per,Debra Davidson,1986,debra-davidson-52
53,Understand door,Brian Ramirez,1841,brian-ramirez-53
54,Wish specific,Anthony Rodriguez,1897,anthony-rodriguez-54
55,Agent say forward,Derek Zuniga,1963,derek-zuniga-55
56,Soon ten specific,Angelica Tucker,1942,angelica-tucker-56
57,City red,Dylan Miller,1975,dylan-miller-57
58,The teach develop,Margaret Hawkins DDS,2015,margaret-hawkins-dds-58
59,Glass star the,Eric Carney,1998,eric-carney-59
60,Age cover,Daniel Wagner,1858,daniel-wagner-60
61,Everything attorney significant,Angie Henderson,2006,angie-henderson-61
62,Political hundred wonder,Margaret Hawkins DDS,1902,margaret-hawkins-dds-62
63,Former agree theory,Derek Zuniga,1816,derek-zuniga-63
64,Condition while,Michele Williams,1945,michele-williams-64
65,Although others,Philip Cannon,1880,philip-cannon-65
66,Rock finish paper,Michele Williams,1967,michele-williams-66
67,Break tonight couple,James Ferrell,1901,james-ferrell-67
68,Section,Fred Smith,1917,fred-smith-68
69,Ability understand Mrs,Ryan Munoz,1867,ryan-munoz-69
70,Hair attorney,Gabrielle Davis,1863,gabrielle-davis-70
71,Perhaps professional by,Shane Henderson,1943,shane-henderson-71
72,Medical project,Debra Davidson,1867,debra-davidson-72
73,I fast camera,Shane Henderson,1949,shane-henderson-73
74,Professor here security,Stephanie Ross,1949,stephanie-ross-74
75,Past feeling,Judy Baker,1892,judy-baker-75
76,Street fight decision,Dylan Miller,1835,dylan-miller-76
77,Parent focus kid put,Tricia Valencia,1926,tricia-valencia-77
78,List top somebody,Connie Lawrence,1993,connie-lawrence-78
79,Probably exist,Daniel Wagner,2020,daniel-wagner-79
80,Friend stand seem pull,Gina Moore,1839,gina-moore-80
81,Southern challenge,Paula Moreno,1840,paula-moreno-81
82,Election,Anthony Humphrey,1908,anthony-humphrey-82
83,Particularly shoulder lay,Elizabeth Fowler,1816,elizabeth-fowler-83
84,Offer responsibility himself hundred,Matthew Foster,1897,matthew-foster-84
85,Prevent accept,Elizabeth Fowler,1919,elizabeth-fowler-85
86,Sing despite,Nathan Maldonado,1864,nathan-maldonado-86
87,Let newspaper true,Jeffrey Chavez,2020,jeffrey-chavez-87
88,Lead soon,Allison Hill,1974,allison-hill-88
89,Write other wear,John Pierce,1829,john-pierce-89
90,Partner rest measure,Anthony Humphrey,1937,anthony-humphrey-90
91,Knowledge city technology,Joshua Blair,1868,joshua-blair-91
92,Else easy point,Eric Carney,1964,eric-carney-92
93,Machine dream key,Patty Perez,1828,patty-perez-93
94,Doctor from,Lisa Jackson,1911,lisa-jackson-94
95,Ball character him,Monica Herrera,1916,monica-herrera-95
96,Relationship ask,Allison Hill,1984,allison-hill-96
97,Former letter artist,John Pierce,1867,john-pierce-97
98,Hope show watch,Tricia Valencia,1995,tricia-valencia-98
99,Tough,Jamie Arnold,1929,jamie-arnold-99
100,Herself accept goal,Abigail Shaffer,2022,abigail-shaffer-100
101,Table well industry,Paula Moreno,1876,paula-moreno-101
102,Son today major,Paula Moreno,1929,paula-moreno-102
103,Job ahead,Elizabeth Fowler,1850,elizabeth-fowler-103
104,Protect something right,Ryan Munoz,1895,ryan-munoz-104
105,Try wonder move,Joshua Blair,1841,joshua-blair-105
106,Option production base,Debra Davidson,1999,debra-davidson-106
107,Career left anyone,Nathan Maldonado,1800,nathan-maldonado-107
108,Force lawyer front,Elizabeth Fowler,1882,elizabeth-fowler-108
109,Everything week instead,James Ferrell,1804,james-ferrell-109
110,Like see,Gina Moore,1892,gina-moore-110
111,Hard,Carla Gray,1861,carla-gray-111
112,Practice sit,Daniel Wagner,1861,daniel-wagner-112
113,Somebody,Sherri Baker,1820,sherri-baker-113
114,End,Connie Lawrence,1987,connie-lawrence-114
115,Stuff perform,James Ferrell,2008,james-ferrell-115
116,Call prove,Cristian Santos,1994,cristian-santos-116
117,Way let eight,Debra Davidson,1996,debra-davidson-117
118,Cold parent security,Gabrielle Davis,1832,gabrielle-davis-118
119,Sing clearly,Sherry Decker,1921,sherry-decker-119
120,Blue agent,Jeffrey Chavez,1842,jeffrey-chavez-120
121,Office traditional,Holly Wood,1935,holly-wood-121
122,However resource away,Elizabeth Fowler,1908,elizabeth-fowler-122
123,Drug recent feeling range,Michele Williams,1938,michele-williams-123
124,Someone not,Joshua Blair,1986,joshua-blair-124
125,Hand,Angelica Tucker,1851,angelica-tucker-125
126,Into have media,Philip Cannon,1879,philip-cannon-126
127,Actually information majority,Judy Baker,1971,judy-baker-127
128,Whether player stock,Fred Smith,1895,fred-smith-128
129,Itself safe,Zachary Hicks,1932,zachary-hicks-129
130,Pattern try,Zachary Hicks,1830,zachary-hicks-130
131,Let stay or,Brian Ramirez,1857,brian-ramirez-131
132,System store beautiful,Cristian Santos,1886,cristian-santos-132
133,During let particular,Noah Rhodes,1950,noah-rhodes-133
134,From management foot,Jeffrey Chavez,1858,jeffrey-chavez-134
135,Deep something future,Cassandra Gaines,1856,cassandra-gaines-135
136,Red everybody act way,Allison Hill,1818,allison-hill-136
137,Drop image,Philip Cannon,1961,philip-cannon-137
138,Serve real position,Daniel Wagner,1858,daniel-wagner-138
139,Large admit family,Cristian Santos,1808,cristian-santos-139
140,Reality fill ok,Patty Perez,1818,patty-perez-140
141,Network gas you,Tricia Valencia,1860,tricia-valencia-141
142,Former reflect even,Derek Zuniga,1971,derek-zuniga-142
143,Discover return,James Ferrell,1854,james-ferrell-143
144,Build movie several,Debra Davidson,1833,debra-davidson-144
145,Course school,John Pierce,2025,john-pierce-145
146,Right with,Sherri Baker,1947,sherri-baker-146
147,Others wonder strategy,Rebecca Henderson,1862,rebecca-henderson-147
148,Dinner conference,Rebecca Henderson,2006,rebecca-henderson-148
149,Section,Justin Baker,1848,justin-baker-149
150,Call animal approach,Abigail Shaffer,1824,abigail-shaffer-150
151,Recently call,Sherry Decker,1910,sherry-decker-151
152,Bill activity expect,Ethan Adams,1908,ethan-adams-152
153,Key continue anything,Justin Baker,1919,justin-baker-153
154,Box assume man,John Pierce,1813,john-pierce-154
155,Picture approach chance,Anthony Humphrey,1967,anthony-humphrey-155
156,We be easy,Fred Smith,1825,fred-smith-156
157,Share paper so,Daniel Wagner,1903,daniel-wagner-157
158,Simply herself,John Pierce,1886,john-pierce-158
159,Father open investment,Abigail Shaffer,1863,abigail-shaffer-159
160,Perform participant science,Lisa Hensley,1848,lisa-hensley-160
161,Personal enough,Debra Davidson,1914,debra-davidson-161
162,Church community,Gabrielle Davis,1908,gabrielle-davis-162
163,Choose impact,Jamie Arnold,1871,jamie-arnold-163
164,Like allow explain executive,Anthony Rodriguez,1863,anthony-rodriguez-164
165,Author do enough,Cristian Santos,1913,cristian-santos-165
166,Operation sound cup boy,Jeffrey Chavez,1825,jeffrey-chavez-166
167,Positive training,Daniel Wagner,1966,daniel-wagner-167
168,Author coach,Debra Davidson,2014,debra-davidson-168
169,Organization station,Allison Hill,1823,allison-hill-169
170,Keep light,Joshua Blair,2017,joshua-blair-170
171,Record wall,Brian Ramirez,1842,brian-ramirez-171
172,Music just our,Justin Baker,1924,justin-baker-172
173,Same page ago,Rebecca Henderson,1854,rebecca-henderson-173
174,While structure,Judy Baker,1815,judy-baker-174
175,Onto again share,Monica Herrera,1897,monica-herrera-175
176,Office several,Allison Hill,1899,allison-hill-176
177,Like prepare,Holly Wood,2000,holly-wood-177
178,Consider one,Anthony Rodriguez,1873,anthony-rodriguez-178
179,Why like impact,Stephanie Ross,1978,stephanie-ross-179
180,Prove tax form,John Pierce,2000,john-pierce-180
181,Explain war spend,Jeffrey Chavez,1969,jeffrey-chavez-181
182,Already because education,Philip Cannon,1924,philip-cannon-182
183,Wife identify,Ryan Munoz,1848,ryan-munoz-183
184,Stay ability thank,Lisa Jackson,1855,lisa-jackson-184
185,Including could gun,Daniel Wagner,1948,daniel-wagner-185
186,Personal service data,Shane Henderson,1938,shane-henderson-186
187,Capital explain thing,Daniel Wagner,1991,daniel-wagner-187
188,Building win participant,Margaret Hawkins DDS,1814,margaret-hawkins-dds-188
189,Report financial,Daniel Wagner,1949,daniel-wagner-189
190,Old,Rebecca Henderson,1928,rebecca-henderson-190
191,Behavior yeah tree,Nathan Maldonado,1840,nathan-maldonado-191
192,Water positive child,Daniel Wagner,1930,daniel-wagner-192
193,Meeting event,Connie Lawrence,2017,connie-lawrence-193
194,Woman during necessary,Jamie Arnold,1817,jamie-arnold-194
195,Course out second,Elizabeth Fowler,1817,elizabeth-fowler-195
196,Tell everybody,Anthony Humphrey,2020,anthony-humphrey-196
197,Future skin environment,Brian Ramirez,1903,brian-ramirez-197
198,Fear,Gina Moore,1945,gina-moore-198
199,Study oil,Brian Ramirez,1948,brian-ramirez-199
200,Tend land machine,Elizabeth Fowler,1810,elizabeth-fowler-200
201,Necessary myself lay,Brittany Farmer,1820,brittany-farmer-201
202,Thank wonder draw,Justin Baker,1968,justin-baker-202
203,Do simply analysis,Cassandra Gaines,1944,cassandra-gaines-203
204,Relate specific history,Nathan Maldonado,1880,nathan-maldonado-204
205,Manager already,Holly Wood,1852,holly-wood-205
206,Whole forward beyond,Sherry Decker,1983,sherry-decker-206
207,Between treat address,Margaret Hawkins DDS,1861,margaret-hawkins-dds-207
208,Improve pressure,Holly Wood,1901,holly-wood-208
209,Avoid sit,Gabrielle Davis,1971,gabrielle-davis-209
210,Full realize,Fred Smith,1876,fred-smith-210
211,System system,Anthony Rodriguez,1880,anthony-rodriguez-211
212,Here first responsibility,Joshua Blair,1818,joshua-blair-212
213,Their along attention,Allison Hill,1917,allison-hill-213
214,Range explain dinner bed,Brittany Farmer,1944,brittany-farmer-214
215,Set region,Abigail Shaffer,1818,abigail-shaffer-215
216,Kitchen really,Debra Davidson,1854,debra-davidson-216
217,Any,Tricia Valencia,1867,tricia-valencia-217
218,Someone fall hear,Gabrielle Davis,1889,gabrielle-davis-218
219,Each include,Cristian Santos,2025,cristian-santos-219
220,Color bad,Brian Ramirez,1894,brian-ramirez-220
221,People drive tree,Lisa Jackson,1840,lisa-jackson-221
222,Discussion point,Zachary Hicks,2013,zachary-hicks-222
223,Effort act source,Debra Davidson,1980,debra-davidson-223
224,Quality citizen,Carla Gray,1956,carla-gray-224
225,War write federal,Fred Smith,1935,fred-smith-225
226,Real lead few,Allison Hill,1970,allison-hill-226
227,Table blood high,Jeffrey Chavez,1876,jeffrey-chavez-227
228,Offer yeah far,Sherry Decker,1826,sherry-decker-228
229,Ever not rate,Gabrielle Davis,1867,gabrielle-davis-229
230,Whether,Gina Moore,1827,gina-moore-230
231,Seat strategy total simply,Shane Henderson,1941,shane-henderson-231
232,Parent good,Ryan Munoz,1869,ryan-munoz-232
233,Per question,Lisa Jackson,1954,lisa-jackson-233
234,Pick tough,Michele Williams,1983,michele-williams-234
235,For,Patty Perez,1852,patty-perez-235
236,Almost half capital,Anthony Humphrey,1962,anthony-humphrey-236
237,Force indeed,Holly Wood,1929,holly-wood-237
238,Car much,James Ferrell,1864,james-ferrell-238
239,Most tree store,Daniel Wagner,1823,daniel-wagner-239
240,Trial want,Paula Moreno,1908,paula-moreno-240
241,Second full,Derek Zuniga,1811,derek-zuniga-241
242,Life away,Allison Hill,1885,allison-hill-242
243,Team right,Eric Carney,1833,eric-carney-243
244,Whose source hand,Paula Moreno,1867,paula-moreno-244
245,Add Mr lawyer,Monica Herrera,1989,monica-herrera-245
246,Once state,Zachary Hicks,1941,zachary-hicks-246
247,Board doctor agent,Philip Cannon,1909,philip-cannon-247
248,Foreign particular positive,Jeffrey Chavez,1802,jeffrey-chavez-248
249,Travel few impact,Gina Moore,1819,gina-moore-249
250,Animal also,Angelica Tucker,1838,angelica-tucker-250
251,Break doctor Mr,Debra Davidson,1809,debra-davidson-251
252,Law provide sea,Tommy Walter,1949,tommy-walter-252
253,Industry score choice,Jeffrey Chavez,1837,jeffrey-chavez-253
254,Pressure street past,Stephanie Ross,1832,stephanie-ross-254
255,Allow have,Angie Henderson,1878,angie-henderson-255
256,Know door guy,Tommy Walter,2003,tommy-walter-256
257,Name within grow,Angie Henderson,1891,angie-henderson-257
258,Every why we,Michele Williams,1974,michele-williams-258
259,Begin deep police,Brian Ramirez,1970,brian-ramirez-259
260,Apply,Abigail Shaffer,1890,abigail-shaffer-260
261,During call north,Eric Carney,1943,eric-carney-261
262,Stop never,Justin Baker,1958,justin-baker-262
263,Democratic thank forget challenge,Shane Henderson,1839,shane-henderson-263
264,Able teach certain candidate,Brian Ramirez,2021,brian-ramirez-264
265,Sometimes body,Monica Herrera,2004,monica-herrera-265
266,Catch,Jamie Arnold,2025,jamie-arnold-266
267,Help,Justin Baker,1806,justin-baker-267
268,Open administration,Jamie Arnold,1988,jamie-arnold-268
269,Appear score,Patty Perez,2000,patty-perez-269
270,Box as large,Justin Baker,2005,justin-baker-270
271,Message board mean,Sherry Decker,2021,sherry-decker-271
272,Analysis situation term miss,Shane Henderson,2007,shane-henderson-272
273,Poor all your,Brian Ramirez,1868,brian-ramirez-273
274,International blue Republican,Monica Herrera,2001,monica-herrera-274
275,Available ball part,Angelica Tucker,1827,angelica-tucker-275
276,Call person,Matthew Foster,2023,matthew-foster-276
277,Nature foot yes most,Angie Henderson,2019,angie-henderson-277
278,Measure involve soldier,Rebecca Henderson,1856,rebecca-henderson-278
279,Table prepare,Lisa Hensley,2009,lisa-hensley-279
280,Result Democrat later,Anthony Rodriguez,1889,anthony-rodriguez-280
281,Including still,Carla Gray,2010,carla-gray-281
282,Indeed believe interview,Dylan Miller,1857,dylan-miller-282
283,Hear check,Noah Rhodes,1968,noah-rhodes-283
284,Attack story behavior,Lisa Hensley,1902,lisa-hensley-284
285,Season head,Patty Perez,1871,patty-perez-285
286,News only,Cristian Santos,1997,cristian-santos-286
287,No prove improve,Derek Zuniga,1889,derek-zuniga-287
288,Test return why,Fred Smith,1930,fred-smith-288
289,Fine billion medical choice,Judy Baker,1973,judy-baker-289
290,Difference board suddenly,Debra Davidson,1884,debra-davidson-290
291,Boy everything difficult,Noah Rhodes,1829,noah-rhodes-291
292,Suddenly window stand,Holly Wood,1845,holly-wood-292
293,Push news participant price,Cassandra Gaines,1867,cassandra-gaines-293
294,Ahead event,Angie Henderson,1827,angie-henderson-294
295,Tv go,Elizabeth Fowler,1911,elizabeth-fowler-295
296,Thank not,Ethan Adams,1986,ethan-adams-296
297,Attorney scientist will,Margaret Hawkins DDS,1911,margaret-hawkins-dds-297
298,Second Democrat,Elizabeth Fowler,1930,elizabeth-fowler-298
299,Law church find,Gina Moore,1898,gina-moore-299
300,Since nothing be,Sherri Baker,1848,sherri-baker-300
301,Clearly,Holly Wood,1811,holly-wood-301
302,Senior anyone,Philip Cannon,1911,philip-cannon-302
303,Evening product,Allison Hill,1933,allison-hill-303
304,Parent increase democratic,Debra Davidson,1975,debra-davidson-304
305,Box involve exist,John Pierce,1989,john-pierce-305
306,Main project animal house,Shane Henderson,1971,shane-henderson-306
307,Area daughter war should,Lisa Hensley,1893,lisa-hensley-307
308,Face build,Stephanie Ross,1817,stephanie-ross-308
309,Section compare herself,Sherry Decker,1884,sherry-decker-309
310,Matter street,Brittany Farmer,1880,brittany-farmer-310
311,Author technology amount,Sherry Decker,2017,sherry-decker-311
312,Machine,Gina Moore,1984,gina-moore-312
313,Television office,Carla Gray,1929,carla-gray-313
314,Identify policy face,Carla Gray,1970,carla-gray-314
315,Again foot soon,Justin Baker,1883,justin-baker-315
316,Least ready gun join,Judy Baker,1978,judy-baker-316
317,During open,Lisa Jackson,1941,lisa-jackson-317
318,Bad that second,Gabrielle Davis,1849,gabrielle-davis-318
319,Four collection,Justin Baker,1970,justin-baker-319
320,Plan most create,Matthew Foster,1973,matthew-foster-320
321,Go when population,Shane Henderson,1844,shane-henderson-321
322,Door chair,Brittany Farmer,1945,brittany-farmer-322
323,Community check,Carla Gray,1903,carla-gray-323
324,Concern significant,Jeffrey Chavez,2013,jeffrey-chavez-324
325,Less nor often,Allison Hill,1877,allison-hill-325
326,Poor worry follow,Lisa Jackson,1853,lisa-jackson-326
327,Firm key light place,Stephanie Ross,2001,stephanie-ross-327
328,Option goal,Cassandra Gaines,1955,cassandra-gaines-328
329,Financial later,Fred Smith,1882,fred-smith-329
330,Hard expert,Anthony Rodriguez,1913,anthony-rodriguez-330
331,Past medical,Zachary Hicks,1972,zachary-hicks-331
332,Oil west school,Michele Williams,1930,michele-williams-332
333,Listen,Rebecca Henderson,2003,rebecca-henderson-333
334,Prepare focus little,Shane Henderson,1843,shane-henderson-334
335,Whatever late,Sherry Decker,1821,sherry-decker-335
336,Word base position,Lisa Jackson,1931,lisa-jackson-336
337,End,Sherry Decker,1962,sherry-decker-337
338,Yard model particular,Brittany Farmer,1885,brittany-farmer-338
339,Health executive impact,Connie Lawrence,2009,connie-lawrence-339
340,Quickly appear piece,Joshua Blair,1860,joshua-blair-340
341,At behind question,Anthony Humphrey,1879,anthony-humphrey-341
342,Edge surface,Dylan Miller,2006,dylan-miller-342
343,Their four old center,Lisa Hensley,1837,lisa-hensley-343
344,Financial prevent product,Noah Rhodes,1811,noah-rhodes-344
345,Organization visit,Brian Ramirez,1921,brian-ramirez-345
346,Next poor,Brittany Farmer,2017,brittany-farmer-346
347,Spend prove stock,Eric Carney,1818,eric-carney-347
348,Behavior provide meet,Anthony Rodriguez,1906,anthony-rodriguez-348
349,Him,Paula Moreno,1947,paula-moreno-349
350,Congress degree,Lisa Hensley,1983,lisa-hensley-350
351,Court yourself choice,Angelica Tucker,1898,angelica-tucker-351
352,Such big,James Ferrell,1902,james-ferrell-352
353,Strong this also,Brian Ramirez,1837,brian-ramirez-353
354,Then peace others,Fred Smith,1976,fred-smith-354
355,Class story,Allison Hill,1992,allison-hill-355
356,Speak close join improve,Eric Carney,1827,eric-carney-356
357,Wide particular,Eric Carney,1908,eric-carney-357
358,Doctor dream whole,Dylan Miller,1845,dylan-miller-358
359,Tough create question,Angelica Tucker,1932,angelica-tucker-359
360,Worker left example,Anthony Rodriguez,1812,anthony-rodriguez-360
361,Me industry class,Jeffrey Chavez,1863,jeffrey-chavez-361
362,Soon catch,Gina Moore,1916,gina-moore-362
363,Appear lose,Gabrielle Davis,2005,gabrielle-davis-363
364,Never bill suffer,Anthony Rodriguez,1970,anthony-rodriguez-364
365,Expect several,Nathan Maldonado,1943,nathan-maldonado-365
366,Last message,Elizabeth Fowler,1881,elizabeth-fowler-366
367,Begin treat stage,Joshua Blair,1913,joshua-blair-367
368,Us increase how,Brittany Farmer,2008,brittany-farmer-368
369,Dog yes heart,John Pierce,1929,john-pierce-369
370,From,Stephanie Ross,2012,stephanie-ross-370
371,Stuff practice,Jeffrey Chavez,1914,jeffrey-chavez-371
372,Case expert,Monica Herrera,1990,monica-herrera-372
373,Receive catch relationship,Rebecca Henderson,1915,rebecca-henderson-373
374,Past town affect,Holly Wood,1992,holly-wood-374
375,Strong nature,Brian Ramirez,2015,brian-ramirez-375
376,Month book explain feeling,Paula Moreno,1870,paula-moreno-376
377,Edge,Eric Carney,1999,eric-carney-377
378,Police performance artist,Nathan Maldonado,1924,nathan-maldonado-378
379,Others administration middle,Paula Moreno,1861,paula-moreno-379
380,Responsibility fact,Derek Zuniga,1912,derek-zuniga-380
381,Possible,Cristian Santos,1982,cristian-santos-381
382,Drive indicate professor,Lisa Jackson,1860,lisa-jackson-382
383,Model guess,Derek Zuniga,1885,derek-zuniga-383
384,Name skill medical,Margaret Hawkins DDS,1938,margaret-hawkins-dds-384
385,In,Connie Lawrence,1835,connie-lawrence-385
386,Analysis hit health,Ryan Munoz,1859,ryan-munoz-386
387,Heavy,Matthew Foster,1977,matthew-foster-387
388,General run,Ryan Munoz,1980,ryan-munoz-388
389,Billion old series card,Michele Williams,1816,michele-williams-389
390,National spend compare,Justin Baker,1904,justin-baker-390
391,Wonder long consider,Patty Perez,1938,patty-perez-391
392,As simply,Anthony Rodriguez,1906,anthony-rodriguez-392
393,Already cut social,Daniel Wagner,1852,daniel-wagner-393
394,Four,Justin Baker,1899,justin-baker-394
395,Middle writer,Eric Carney,1949,eric-carney-395
396,List already positive,Angelica Tucker,1805,angelica-tucker-396
397,Ground sit,Joshua Blair,1947,joshua-blair-397
398,Event son join,Matthew Foster,1922,matthew-foster-398
399,Sea thus hit,Allison Hill,1890,allison-hill-399
400,Many marriage,Carla Gray,1992,carla-gray-400
401,Entire bar interesting,Matthew Foster,2018,matthew-foster-401
402,Own state nation,Justin Baker,1937,justin-baker-402
403,Bill foreign fast,Shane Henderson,1988,shane-henderson-403
404,Owner international ready,Debra Davidson,2004,debra-davidson-404
405,Language risk treatment,Elizabeth Fowler,1856,elizabeth-fowler-405
406,Your ever woman way,James Ferrell,1856,james-ferrell-406
407,Provide image,Derek Zuniga,1911,derek-zuniga-407
408,Song quickly well,James Ferrell,1807,james-ferrell-408
409,Support question,Matthew Foster,1886,matthew-foster-409
410,Alone attack sing,Sherry Decker,1973,sherry-decker-410
411,Gun we allow,Judy Baker,1985,judy-baker-411
412,Quickly we,Monica Herrera,2015,monica-herrera-412
413,Know baby case,Anthony Rodriguez,1832,anthony-rodriguez-413
414,Huge power economic,Brittany Farmer,1936,brittany-farmer-414
415,Ago control,Noah Rhodes,1900,noah-rhodes-415
416,Hit no energy,Cassandra Gaines,1944,cassandra-gaines-416
417,Region Democrat,Sherry Decker,1806,sherry-decker-417
418,Experience trouble make but,Connie Lawrence,1964,connie-lawrence-418
419,Later together,Stephanie Ross,1834,stephanie-ross-419
420,Young specific whose,Anthony Rodriguez,1846,anthony-rodriguez-420
421,Property remember nearly,Daniel Wagner,1866,daniel-wagner-421
422,Through surface,Matthew Foster,1883,matthew-foster-422
423,Soldier meeting,Michele Williams,1916,michele-williams-423
424,World society,Margaret Hawkins DDS,1886,margaret-hawkins-dds-424
425,So ago,Joshua Blair,2025,joshua-blair-425
426,Occur level work,Matthew Foster,1871,matthew-foster-426
427,Partner beat,Joshua Blair,2012,joshua-blair-427
428,Huge response,Justin Baker,1864,justin-baker-428
429,Moment shoulder statement,Connie Lawrence,1920,connie-lawrence-429
430,By first,Noah Rhodes,1991,noah-rhodes-430
431,Last quite,Debra Davidson,1813,debra-davidson-431
432,Campaign stop necessary,Ethan Adams,1857,ethan-adams-432
433,Consider whom item treat,Fred Smith,1817,fred-smith-433
434,Story million,Eric Carney,1966,eric-carney-434
435,Clearly follow,Angie Henderson,1993,angie-henderson-435
436,Generation wait,Noah Rhodes,1863,noah-rhodes-436
437,Suffer economy,Lisa Hensley,2014,lisa-hensley-437
438,Ever person pass,Noah Rhodes,1959,noah-rhodes-438
439,Maybe collection,Ryan Munoz,1861,ryan-munoz-439
440,Child probably result painting,Gabrielle Davis,1921,gabrielle-davis-440
441,American tell ball,Sherry Decker,1829,sherry-decker-441
442,Enough decision occur,Sherri Baker,1855,sherri-baker-442
443,Police marriage phone face,Anthony Rodriguez,1979,anthony-rodriguez-443
444,Lot source,Holly Wood,1996,holly-wood-444
445,Father authority art,Tommy Walter,1842,tommy-walter-445
446,Indeed less future,Elizabeth Fowler,1955,elizabeth-fowler-446
447,Fine responsibility,Shane Henderson,1983,shane-henderson-447
448,Wish candidate have,Gina Moore,1999,gina-moore-448
449,Blood drop business,Monica Herrera,1879,monica-herrera-449
450,Easy best face,Abigail Shaffer,1948,abigail-shaffer-450
451,Ten industry while,Noah Rhodes,1879,noah-rhodes-451
452,Spend value,Sherri Baker,1973,sherri-baker-452
453,Couple city you,Matthew Foster,1901,matthew-foster-453
454,Material final age,Philip Cannon,1850,philip-cannon-454
455,Measure whom Democrat,Cristian Santos,1951,cristian-santos-455
456,Any example our,Angelica Tucker,2012,angelica-tucker-456
457,Experience account blue,Paula Moreno,1862,paula-moreno-457
458,Think road,Abigail Shaffer,1978,abigail-shaffer-458
459,Hand hundred now,Eric Carney,1877,eric-carney-459
460,Guy eye,Anthony Humphrey,1953,anthony-humphrey-460
461,Mean share evidence,Gina Moore,2003,gina-moore-461
462,Quite budget window hour,Sherri Baker,2000,sherri-baker-462
463,Newspaper hand certain,Angie Henderson,1888,angie-henderson-463
464,Meeting matter and case,Debra Davidson,1909,debra-davidson-464
465,Sound mind chance,Sherry Decker,1894,sherry-decker-465
466,Cause use five,Cristian Santos,1929,cristian-santos-466
467,Wrong school federal,Fred Smith,1887,fred-smith-467
468,Medical meeting majority,Allison Hill,2017,allison-hill-468
469,Feel staff happy,Justin Baker,2010,justin-baker-469
470,Woman on,James Ferrell,1827,james-ferrell-470
471,Ago listen whose situation,Stephanie Ross,1892,stephanie-ross-471
472,Officer return on color,Paula Moreno,2012,paula-moreno-472
473,Return simple herself start,Anthony Rodriguez,1981,anthony-rodriguez-473
474,All way,Ryan Munoz,1911,ryan-munoz-474
475,Course kid,Jamie Arnold,1987,jamie-arnold-475
476,Charge real improve,Nathan Maldonado,1966,nathan-maldonado-476
477,Turn their save artist,Derek Zuniga,1957,derek-zuniga-477
478,Million night,Debra Davidson,1998,debra-davidson-478
479,Moment finish community,Rebecca Henderson,1919,rebecca-henderson-479
480,Garden great sign,Stephanie Ross,2011,stephanie-ross-480
481,Particular court,John Pierce,1951,john-pierce-481
482,Everything fear,Derek Zuniga,1882,derek-zuniga-482
483,Side relate,Brian Ramirez,2012,brian-ramirez-483
484,First give value,Connie Lawrence,1871,connie-lawrence-484
485,Explain of,Zachary Hicks,1862,zachary-hicks-485
486,Here woman stand,Joshua Blair,1918,joshua-blair-486
487,Fact explain,Sherri Baker,1956,sherri-baker-487
488,Get kind,Sherry Decker,1897,sherry-decker-488
489,Section degree,Patty Perez,1807,patty-perez-489
490,Even no even,James Ferrell,2017,james-ferrell-490
491,Past only,Margaret Hawkins DDS,1846,margaret-hawkins-dds-491
492,Anything toward,James Ferrell,1854,james-ferrell-492
493,Point appear,Ethan Adams,2004,ethan-adams-493
494,Form line race,Holly Wood,1887,holly-wood-494
495,Accept nearly,Derek Zuniga,2025,derek-zuniga-495
496,Imagine various,Elizabeth Fowler,1979,elizabeth-fowler-496
497,Local current white,Derek Zuniga,1942,derek-zuniga-497
498,Experience arrive shoulder,Allison Hill,1932,allison-hill-498
499,Discussion school sure,Lisa Hensley,1821,lisa-hensley-499
500,White,Brian Ramirez,1984,brian-ramirez-500
501,Individual study,Justin Baker,1925,justin-baker-501
502,Think,Jeffrey Chavez,1994,jeffrey-chavez-502
503,Small control see,Brian Ramirez,1976,brian-ramirez-503
504,Theory across,Rebecca Henderson,1965,rebecca-henderson-504
505,Owner up friend,Philip Cannon,1925,philip-cannon-505
506,Writer myself management,Zachary Hicks,2002,zachary-hicks-506
507,Surface life,Noah Rhodes,1823,noah-rhodes-507
508,Speak former,Lisa Jackson,1856,lisa-jackson-508
509,Possible responsibility add,Judy Baker,1977,judy-baker-509
510,So nothing serious,Brian Ramirez,1878,brian-ramirez-510
511,Particularly police,Sherry Decker,1948,sherry-decker-511
512,Still middle beautiful,Tommy Walter,1921,tommy-walter-512
513,Continue cell,Jeffrey Chavez,1935,jeffrey-chavez-513
514,Very according himself,Ethan Adams,1908,ethan-adams-514
515,Send west few,Shane Henderson,1940,shane-henderson-515
516,Activity president realize,Patty Perez,1890,patty-perez-516
517,Property let,Angelica Tucker,1916,angelica-tucker-517
518,If maybe,Derek Zuniga,1878,derek-zuniga-518
519,Real police,Holly Wood,1859,holly-wood-519
520,Happen determine,Gina Moore,1984,gina-moore-520
521,Long lawyer,Lisa Hensley,1880,lisa-hensley-521
522,Health reduce tree serious,Gina Moore,1990,gina-moore-522
523,Seven quite,Debra Davidson,1995,debra-davidson-523
524,Their bank land region,Angelica Tucker,1847,angelica-tucker-524
525,True born,Lisa Hensley,1855,lisa-hensley-525
526,Total dark Mr,Shane Henderson,1923,shane-henderson-526
527,Foreign minute,Derek Zuniga,1985,derek-zuniga-527
528,Quite response,Cassandra Gaines,1994,cassandra-gaines-528
529,Before member speak,Nathan Maldonado,1952,nathan-maldonado-529
530,Car indeed nor,Lisa Jackson,1825,lisa-jackson-530
531,Left southern rich,Lisa Hensley,1875,lisa-hensley-531
532,Effort able design,Dylan Miller,1892,dylan-miller-532
533,And general,Jamie Arnold,1877,jamie-arnold-533
534,Must art,Allison Hill,1981,allison-hill-534
535,Worry line,Debra Davidson,1832,debra-davidson-535
536,Important shoulder,Derek Zuniga,1811,derek-zuniga-536
537,Hear through large,Daniel Wagner,1941,daniel-wagner-537
538,Heart radio product,Lisa Jackson,1978,lisa-jackson-538
539,Card team budget,Gabrielle Davis,1963,gabrielle-davis-539
540,Hotel camera without,Joshua Blair,1925,joshua-blair-540
541,Something,Abigail Shaffer,2023,abigail-shaffer-541
542,Fire,Allison Hill,1946,allison-hill-542
543,Pull name mother,Lisa Jackson,1920,lisa-jackson-543
544,Easy get,Rebecca Henderson,1912,rebecca-henderson-544
545,Country themselves,Patty Perez,1847,patty-perez-545
546,Allow produce,Daniel Wagner,1864,daniel-wagner-546
547,She this administration deal,Rebecca Henderson,1829,rebecca-henderson-547
548,Order land,Cristian Santos,1902,cristian-santos-548
549,Election,James Ferrell,1818,james-ferrell-549
550,Interest,Sherri Baker,1961,sherri-baker-550
551,Doctor describe tell,Anthony Humphrey,1813,anthony-humphrey-551
552,Cell year,Ryan Munoz,1838,ryan-munoz-552
553,Staff rule,Sherri Baker,1877,sherri-baker-553
554,Officer significant stand,Connie Lawrence,1863,connie-lawrence-554
555,Few century,Gina Moore,1942,gina-moore-555
556,Determine feel article,Joshua Blair,1906,joshua-blair-556
557,They treatment personal interview,Elizabeth Fowler,1952,elizabeth-fowler-557
558,Another general poor,Brittany Farmer,1857,brittany-farmer-558
559,Skill five indicate,Eric Carney,1933,eric-carney-559
560,Feel contain,Matthew Foster,1915,matthew-foster-560
561,List support feeling,Zachary Hicks,1876,zachary-hicks-561
562,South trip,Cassandra Gaines,1909,cassandra-gaines-562
563,Include indicate morning,Carla Gray,1945,carla-gray-563
564,Drug data position,Brittany Farmer,1815,brittany-farmer-564
565,Suggest begin right,Brittany Farmer,1989,brittany-farmer-565
566,Appear help,Abigail Shaffer,1995,abigail-shaffer-566
567,Owner them could seven,Michele Williams,1960,michele-williams-567
568,Describe decade trade,Michele Williams,1867,michele-williams-568
569,Whatever address,Sherry Decker,1820,sherry-decker-569
570,While bring,Monica Herrera,1861,monica-herrera-570
571,Trial receive region,Jamie Arnold,1941,jamie-arnold-571
572,Trip need simply,Cristian Santos,1840,cristian-santos-572
573,Letter possible final,Allison Hill,1904,allison-hill-573
574,Mention market better,Zachary Hicks,1976,zachary-hicks-574
575,Seven floor data,Elizabeth Fowler,1920,elizabeth-fowler-575
576,Including none determine,Lisa Jackson,1808,lisa-jackson-576
577,Administration network,Dylan Miller,1873,dylan-miller-577
578,Often individual charge form,Philip Cannon,1872,philip-cannon-578
579,Now early nearly,Angelica Tucker,2020,angelica-tucker-579
580,Either start whom,Anthony Rodriguez,1818,anthony-rodriguez-580
581,Leave run goal,Anthony Humphrey,1859,anthony-humphrey-581
582,Result major,Holly Wood,2001,holly-wood-582
583,Wrong whatever model,Paula Moreno,1950,paula-moreno-583
584,War property,Sherry Decker,2005,sherry-decker-584
585,Itself,Lisa Hensley,1908,lisa-hensley-585
586,Successful discuss,Gina Moore,1939,gina-moore-586
587,Across media,Dylan Miller,1965,dylan-miller-587
588,Art point value,Ryan Munoz,1868,ryan-munoz-588
589,Process administration mother,Ryan Munoz,1818,ryan-munoz-589
590,Activity morning ever,Daniel Wagner,1842,daniel-wagner-590
591,Admit spend,Carla Gray,1952,carla-gray-591
592,South travel blood,Shane Henderson,2011,shane-henderson-592
593,Modern drive,Sherri Baker,1873,sherri-baker-593
594,Money spring environment however,Zachary Hicks,1831,zachary-hicks-594
595,Where learn during,Anthony Rodriguez,1976,anthony-rodriguez-595
596,Feel stock,Carla Gray,1979,carla-gray-596
597,President teach,Judy Baker,1869,judy-baker-597
598,Better,Tricia Valencia,1938,tricia-valencia-598
599,Here need argue,James Ferrell,1912,james-ferrell-599
600,Scientist,Connie Lawrence,1953,connie-lawrence-600
601,Bar suddenly,Angie Henderson,1910,angie-henderson-601
602,Not teach believe,Shane Henderson,1882,shane-henderson-602
603,Try discover top,Elizabeth Fowler,1864,elizabeth-fowler-603
604,Little another avoid,Noah Rhodes,1823,noah-rhodes-604
605,Tonight nor,Dylan Miller,1972,dylan-miller-605
606,Country,Sherri Baker,1950,sherri-baker-606
607,Administration debate certain,Noah Rhodes,1995,noah-rhodes-607
608,Up federal nor,Anthony Humphrey,2010,anthony-humphrey-608
609,Strong home to,Derek Zuniga,1947,derek-zuniga-609
610,Himself science so,Angie Henderson,1995,angie-henderson-610
611,May window,Joshua Blair,1844,joshua-blair-611
612,Billion,Rebecca Henderson,1932,rebecca-henderson-612
613,Discussion away painting,Fred Smith,1913,fred-smith-613
614,Western however similar ahead,Derek Zuniga,1846,derek-zuniga-614
615,Situation late,Cassandra Gaines,1911,cassandra-gaines-615
616,Green wait,Paula Moreno,2008,paula-moreno-616
617,Control one herself,James Ferrell,1823,james-ferrell-617
618,Far east available environmental,Rebecca Henderson,1889,rebecca-henderson-618
619,Republican plant science,Justin Baker,1885,justin-baker-619
620,Guess before wall,Margaret Hawkins DDS,1971,margaret-hawkins-dds-620
621,Growth especially car,Abigail Shaffer,2019,abigail-shaffer-621
622,Issue news,Monica Herrera,1884,monica-herrera-622
623,Impact ago government,Justin Baker,1977,justin-baker-623
624,Others six,James Ferrell,1873,james-ferrell-624
625,Activity including single,Sherry Decker,1902,sherry-decker-625
626,Toward within occur,Joshua Blair,1940,joshua-blair-626
627,Rate college,Angie Henderson,1916,angie-henderson-627
628,Feeling manage,Connie Lawrence,1880,connie-lawrence-628
629,Cold every,Holly Wood,1882,holly-wood-629
630,Machine baby,Gina Moore,1997,gina-moore-630
631,Want result,Judy Baker,2021,judy-baker-631
632,Order crime blood,Tricia Valencia,2011,tricia-valencia-632
633,According how,Allison Hill,1968,allison-hill-633
634,Here television key issue,Debra Davidson,1918,debra-davidson-634
635,Carry fly water cut,Justin Baker,1813,justin-baker-635
636,Concern huge five,Lisa Hensley,1932,lisa-hensley-636
637,Whose site for,Tommy Walter,1959,tommy-walter-637
638,Staff hotel,Joshua Blair,1927,joshua-blair-638
639,Usually customer,Paula Moreno,1913,paula-moreno-639
640,Conference should agree,Joshua Blair,1813,joshua-blair-640
641,Wall decide something,Michele Williams,1868,michele-williams-641
642,Standard somebody,Jeffrey Chavez,1833,jeffrey-chavez-642
643,Pull cause field,Lisa Jackson,1912,lisa-jackson-643
644,Probably resource,Angelica Tucker,1924,angelica-tucker-644
645,Available wrong look,Gina Moore,1807,gina-moore-645
646,Move type thank,Paula Moreno,1955,paula-moreno-646
647,Myself so growth,Brian Ramirez,1981,brian-ramirez-647
648,Order trial body,Monica Herrera,1879,monica-herrera-648
649,Price great,Jeffrey Chavez,1803,jeffrey-chavez-649
650,And worker quality hundred,Jeffrey Chavez,1904,jeffrey-chavez-650
651,Whole involve action,Connie Lawrence,1857,connie-lawrence-651
652,Develop section,Gina Moore,1918,gina-moore-652
653,Oil offer knowledge,Gina Moore,1965,gina-moore-653
654,Leg quickly real,Ryan Munoz,1927,ryan-munoz-654
655,General agency,Philip Cannon,1874,philip-cannon-655
656,Far turn,Tricia Valencia,1980,tricia-valencia-656
657,Break wait,Derek Zuniga,1906,derek-zuniga-657
658,Give gas,Rebecca Henderson,1920,rebecca-henderson-658
659,Miss give,Brian Ramirez,1916,brian-ramirez-659
660,Just recent,Jeffrey Chavez,1837,jeffrey-chavez-660
661,Attack and represent,Matthew Foster,1848,matthew-foster-661
662,Time,Elizabeth Fowler,1930,elizabeth-fowler-662
663,Possible quality clearly,Shane Henderson,2025,shane-henderson-663
664,Might necessary,Gabrielle Davis,2021,gabrielle-davis-664
665,Nice when discussion,Cristian Santos,1870,cristian-santos-665
666,Picture control price,Eric Carney,2002,eric-carney-666
667,Ahead pass culture,Justin Baker,1887,justin-baker-667
668,Involve above Democrat everything,Tricia Valencia,1868,tricia-valencia-668
669,Officer son,Allison Hill,1872,allison-hill-669
670,Cost for leader,John Pierce,1876,john-pierce-670
671,Provide majority,Cassandra Gaines,1948,cassandra-gaines-671
672,Others particularly only,Sherry Decker,1925,sherry-decker-672
673,Goal leader common,Ryan Munoz,1914,ryan-munoz-673
674,Try opportunity,Debra Davidson,1923,debra-davidson-674
675,Finish draw,Ethan Adams,1885,ethan-adams-675
676,Consumer really,Jeffrey Chavez,1995,jeffrey-chavez-676
677,Home others offer,Debra Davidson,1896,debra-davidson-677
678,Control player really,Anthony Rodriguez,1882,anthony-rodriguez-678
679,Never majority,Lisa Hensley,1978,lisa-hensley-679
680,Cost success,Brian Ramirez,1946,brian-ramirez-680
681,Approach grow act carry,Matthew Foster,1859,matthew-foster-681
682,White measure manager,Eric Carney,1905,eric-carney-682
683,Indeed style major,Angie Henderson,1881,angie-henderson-683
684,Not somebody,Shane Henderson,1921,shane-henderson-684
685,Factor ever,Philip Cannon,2007,philip-cannon-685
686,Eye sit not,Matthew Foster,1898,matthew-foster-686
687,Near both box,Sherry Decker,2002,sherry-decker-687
688,Statement happen state,Fred Smith,1838,fred-smith-688
689,Soon,James Ferrell,1809,james-ferrell-689
690,National wrong bill,Gabrielle Davis,1928,gabrielle-davis-690
691,Fear yourself,Cassandra Gaines,1884,cassandra-gaines-691
692,Enjoy television beautiful,Abigail Shaffer,2023,abigail-shaffer-692
693,Simply down,Zachary Hicks,1825,zachary-hicks-693
694,Ready technology particular into,Nathan Maldonado,1916,nathan-maldonado-694
695,Cause deal deal arrive,Allison Hill,1984,allison-hill-695
696,Mother others collection,Ryan Munoz,1904,ryan-munoz-696
697,Eye environment,Fred Smith,1839,fred-smith-697
698,World quickly believe,Cristian Santos,1920,cristian-santos-698
699,Try yeah term,Holly Wood,1886,holly-wood-699
700,Reduce car,Brittany Farmer,1977,brittany-farmer-700
701,Represent stock,Judy Baker,1966,judy-baker-701
702,Majority officer environmental,Connie Lawrence,2018,connie-lawrence-702
703,Heart away some,Patty Perez,2018,patty-perez-703
704,Idea seek,Anthony Humphrey,2019,anthony-humphrey-704
705,Lawyer maintain old,Debra Davidson,1897,debra-davidson-705
706,Room learn,Margaret Hawkins DDS,1960,margaret-hawkins-dds-706
707,Sure somebody huge,Philip Cannon,1994,philip-cannon-707
708,Station manager follow,James Ferrell,2023,james-ferrell-708
709,Front official,Debra Davidson,1809,debra-davidson-709
710,System small thus,Brittany Farmer,1817,brittany-farmer-710
711,Any,Brian Ramirez,1961,brian-ramirez-711
712,Phone student,Anthony Humphrey,1873,anthony-humphrey-712
713,Capital,Dylan Miller,1991,dylan-miller-713
714,Kid a,Connie Lawrence,1911,connie-lawrence-714
715,Dark read car,Abigail Shaffer,1994,abigail-shaffer-715
716,City usually,Paula Moreno,1980,paula-moreno-716
717,Behavior growth,Abigail Shaffer,1913,abigail-shaffer-717
718,Head tough,Monica Herrera,1977,monica-herrera-718
719,Appear personal,Carla Gray,1807,carla-gray-719
720,Investment before,Angie Henderson,1883,angie-henderson-720
721,Ability live,Daniel Wagner,1875,daniel-wagner-721
722,Order mind,Ethan Adams,1895,ethan-adams-722
723,Act receive stage,Stephanie Ross,1837,stephanie-ross-723
724,Really local director,Brian Ramirez,1935,brian-ramirez-724
725,Room bill,Justin Baker,1944,justin-baker-725
726,Happen federal him,Anthony Humphrey,2002,anthony-humphrey-726
727,Political quality,Jamie Arnold,1843,jamie-arnold-727
728,Most across,Jamie Arnold,1820,jamie-arnold-728
729,Key reveal,Brittany Farmer,2022,brittany-farmer-729
730,Security turn pattern kind,Matthew Foster,1958,matthew-foster-730
731,Beautiful beyond,Anthony Humphrey,1861,anthony-humphrey-731
732,Operation himself,James Ferrell,1949,james-ferrell-732
733,Fire cause everybody,Ryan Munoz,1859,ryan-munoz-733
734,Easy over,Anthony Rodriguez,1963,anthony-rodriguez-734
735,Expect wait agree suggest,Holly Wood,1917,holly-wood-735
736,Day parent,Holly Wood,1970,holly-wood-736
737,Security far,Allison Hill,2005,allison-hill-737
738,Step,Anthony Rodriguez,1873,anthony-rodriguez-738
739,Manager both,Anthony Humphrey,1939,anthony-humphrey-739
740,Point audience thousand,Monica Herrera,1818,monica-herrera-740
741,Herself,Zachary Hicks,1888,zachary-hicks-741
742,Car team nothing,Cassandra Gaines,1876,cassandra-gaines-742
743,National common likely,Paula Moreno,1908,paula-moreno-743
744,Admit attack,Angelica Tucker,1864,angelica-tucker-744
745,Democratic two,Anthony Rodriguez,2016,anthony-rodriguez-745
746,Media pick may,Carla Gray,1850,carla-gray-746
747,Interest I policy,Matthew Foster,2018,matthew-foster-747
748,Pattern everyone finally,Rebecca Henderson,1827,rebecca-henderson-748
749,Tv window choice,Brian Ramirez,1897,brian-ramirez-749
750,Hospital plant strong,Sherri Baker,1891,sherri-baker-750
751,Financial join,Sherri Baker,1875,sherri-baker-751
752,Around beat,Angelica Tucker,1875,angelica-tucker-752
753,Break partner area,Noah Rhodes,2012,noah-rhodes-753
754,Budget remain,Sherry Decker,1901,sherry-decker-754
755,Common,Derek Zuniga,1802,derek-zuniga-755
756,Well mission situation,Sherri Baker,2021,sherri-baker-756
757,Cold camera,Anthony Humphrey,1999,anthony-humphrey-757
758,Run brother,Shane Henderson,1812,shane-henderson-758
759,Government,Elizabeth Fowler,1990,elizabeth-fowler-759
760,Evening ask Republican,James Ferrell,2013,james-ferrell-760
761,Physical many member,Lisa Jackson,1998,lisa-jackson-761
762,Matter note,Dylan Miller,1955,dylan-miller-762
763,Church significant thus,Ethan Adams,1856,ethan-adams-763
764,Direction meeting,Paula Moreno,1848,paula-moreno-764
765,Town,Brittany Farmer,1864,brittany-farmer-765
766,Election,Anthony Humphrey,1993,anthony-humphrey-766
767,Marriage,John Pierce,1996,john-pierce-767
768,Him change use,Sherry Decker,1974,sherry-decker-768
769,On,Gabrielle Davis,1960,gabrielle-davis-769
770,Different eat trouble,Abigail Shaffer,1960,abigail-shaffer-770
771,Even back head,Fred Smith,1810,fred-smith-771
772,Pull apply development,Carla Gray,2001,carla-gray-772
773,Wonder west attention,Zachary Hicks,1808,zachary-hicks-773
774,Tend similar financial,Cassandra Gaines,1893,cassandra-gaines-774
775,Network account,John Pierce,1833,john-pierce-775
776,Factor six,Connie Lawrence,1875,connie-lawrence-776
777,Drug happy will young,Margaret Hawkins DDS,1991,margaret-hawkins-dds-777
778,Run national,Justin Baker,1844,justin-baker-778
779,Character usually,Lisa Hensley,1833,lisa-hensley-779
780,Early,Debra Davidson,2024,debra-davidson-780
781,Get style theory,Tommy Walter,1935,tommy-walter-781
782,Ability price support,Tricia Valencia,1869,tricia-valencia-782
783,Billion morning,Monica Herrera,1865,monica-herrera-783
784,Information which,Rebecca Henderson,2006,rebecca-henderson-784
785,Republican behavior,Lisa Jackson,1991,lisa-jackson-785
786,Today mind,Patty Perez,2005,patty-perez-786
787,Learn security oil,Gina Moore,1919,gina-moore-787
788,Card star avoid,Cristian Santos,1836,cristian-santos-788
789,Artist production candidate,Joshua Blair,1857,joshua-blair-789
790,End fire,Anthony Humphrey,1985,anthony-humphrey-790
791,Red save fish,Anthony Humphrey,1901,anthony-humphrey-791
792,Do want,Jeffrey Chavez,1893,jeffrey-chavez-792
793,Sister once,Connie Lawrence,2002,connie-lawrence-793
794,Black last,Judy Baker,1803,judy-baker-794
795,Image movie who,Holly Wood,1937,holly-wood-795
796,Later leg,Gina Moore,1916,gina-moore-796
797,Bed space,Tommy Walter,1972,tommy-walter-797
798,Step recent,Shane Henderson,1972,shane-henderson-798
799,Dinner,Holly Wood,1949,holly-wood-799
800,Chance represent why,Matthew Foster,2010,matthew-foster-800
801,Message quality employee,Paula Moreno,1895,paula-moreno-801
802,All identify,Abigail Shaffer,1972,abigail-shaffer-802
803,New nearly behind,Dylan Miller,1920,dylan-miller-803
804,Sound cause,Noah Rhodes,1958,noah-rhodes-804
805,Assume,Jeffrey Chavez,1883,jeffrey-chavez-805
806,Candidate statement,Brittany Farmer,1856,brittany-farmer-806
807,Rather visit base,Fred Smith,1816,fred-smith-807
808,Else spend against ask,Paula Moreno,2010,paula-moreno-808
809,Speak begin suggest,Anthony Rodriguez,1979,anthony-rodriguez-809
810,Business walk anything,Carla Gray,1966,carla-gray-810
811,Item right many,Justin Baker,1829,justin-baker-811
812,Raise common Democrat,Gabrielle Davis,1811,gabrielle-davis-812
813,Every land,Angie Henderson,1877,angie-henderson-813
814,Alone people,James Ferrell,1829,james-ferrell-814
815,Positive material,Abigail Shaffer,1860,abigail-shaffer-815
816,Look because him,Debra Davidson,1834,debra-davidson-816
817,Current this moment,Matthew Foster,1916,matthew-foster-817
818,Yes myself affect him,Tommy Walter,1971,tommy-walter-818
819,Look sit general,Shane Henderson,1978,shane-henderson-819
820,Maybe home conference,Debra Davidson,1907,debra-davidson-820
821,Others ahead specific,Cassandra Gaines,1990,cassandra-gaines-821
822,Around yard,John Pierce,1839,john-pierce-822
823,Group once do,Justin Baker,1967,justin-baker-823
824,Beyond prevent,Abigail Shaffer,2013,abigail-shaffer-824
825,Move social,James Ferrell,1957,james-ferrell-825
826,Shake way,Justin Baker,1871,justin-baker-826
827,Suffer something great,Angie Henderson,1976,angie-henderson-827
828,Compare or,Tommy Walter,1855,tommy-walter-828
829,Trial agreement red,Zachary Hicks,1913,zachary-hicks-829
830,Nor none could,Brian Ramirez,2018,brian-ramirez-830
831,My compare also,Tommy Walter,1825,tommy-walter-831
832,Discussion despite,Anthony Humphrey,1894,anthony-humphrey-832
833,Long forward pass,Debra Davidson,1965,debra-davidson-833
834,Future concern,Ethan Adams,1815,ethan-adams-834
835,Arrive challenge relate,Judy Baker,1870,judy-baker-835
836,Similar suffer,Lisa Hensley,1831,lisa-hensley-836
837,Whether health walk,Anthony Rodriguez,1823,anthony-rodriguez-837
838,Only from follow,Sherry Decker,1854,sherry-decker-838
839,Run join,Fred Smith,1963,fred-smith-839
840,Power company why,Elizabeth Fowler,1805,elizabeth-fowler-840
841,Skin development open compare,Daniel Wagner,2001,daniel-wagner-841
842,Safe family,Patty Perez,1862,patty-perez-842
843,Rock we,Gabrielle Davis,2001,gabrielle-davis-843
844,Hot yes whole,Sherri Baker,1852,sherri-baker-844
845,Court,Cristian Santos,2012,cristian-santos-845
846,Fish speak particularly policy,Joshua Blair,1941,joshua-blair-846
847,View cell,Michele Williams,1950,michele-williams-847
848,Draw word,Michele Williams,2008,michele-williams-848
849,Player white,Dylan Miller,1884,dylan-miller-849
850,Land enter economic,Eric Carney,1837,eric-carney-850
851,Go skin,Elizabeth Fowler,1800,elizabeth-fowler-851
852,Anything,Derek Zuniga,2019,derek-zuniga-852
853,Just information coach,Ryan Munoz,1833,ryan-munoz-853
854,Manage her national,Debra Davidson,1864,debra-davidson-854
855,Stock small,Jamie Arnold,1828,jamie-arnold-855
856,Prepare reach class,Sherry Decker,2021,sherry-decker-856
857,Son almost,Noah Rhodes,1833,noah-rhodes-857
858,From,Allison Hill,1891,allison-hill-858
859,Weight avoid,Brian Ramirez,1950,brian-ramirez-859
860,Thousand claim,Margaret Hawkins DDS,1804,margaret-hawkins-dds-860
861,Natural together,Jamie Arnold,1867,jamie-arnold-861
862,Full world,Daniel Wagner,1832,daniel-wagner-862
863,Relate issue president,Shane Henderson,1907,shane-henderson-863
864,Threat church big day,Nathan Maldonado,1829,nathan-maldonado-864
865,Important never,Shane Henderson,1816,shane-henderson-865
866,Enter example down,Rebecca Henderson,1914,rebecca-henderson-866
867,Increase,Eric Carney,1892,eric-carney-867
868,Near make approach,Tricia Valencia,1951,tricia-valencia-868
869,Late,Abigail Shaffer,1915,abigail-shaffer-869
870,Far product,Tricia Valencia,1856,tricia-valencia-870
871,Lose best deal point,Brittany Farmer,1811,brittany-farmer-871
872,List break,John Pierce,2000,john-pierce-872
873,Likely thus enter,Sherry Decker,1933,sherry-decker-873
874,Hold he high,Carla Gray,1917,carla-gray-874
875,Knowledge enjoy,Fred Smith,1807,fred-smith-875
876,Enjoy student nor,Daniel Wagner,1922,daniel-wagner-876
877,Sell property,Judy Baker,1909,judy-baker-877
878,Property space,Anthony Humphrey,1827,anthony-humphrey-878
879,Wife operation network,James Ferrell,1982,james-ferrell-879
880,Stand industry movement,Zachary Hicks,1818,zachary-hicks-880
881,Of dog federal,Connie Lawrence,1882,connie-lawrence-881
882,Total research maybe,Elizabeth Fowler,1837,elizabeth-fowler-882
883,Song quality per,Cristian Santos,1832,cristian-santos-883
884,We last,Derek Zuniga,1959,derek-zuniga-884
885,Will speak,Paula Moreno,1949,paula-moreno-885
886,Amount bad,Jeffrey Chavez,1982,jeffrey-chavez-886
887,Dark state challenge,Margaret Hawkins DDS,1897,margaret-hawkins-dds-887
888,Election treat trial attack,Elizabeth Fowler,1935,elizabeth-fowler-888
889,News need task,Lisa Jackson,1916,lisa-jackson-889
890,Leader them skill,Tricia Valencia,1954,tricia-valencia-890
891,Onto site both change,Stephanie Ross,1825,stephanie-ross-891
892,Onto serve vote,Angelica Tucker,1829,angelica-tucker-892
893,None big,Fred Smith,1966,fred-smith-893
894,Test they,Eric Carney,1941,eric-carney-894
895,Enough pressure occur,John Pierce,2021,john-pierce-895
896,Also every century,Michele Williams,1910,michele-williams-896
897,Race I how these,Zachary Hicks,1858,zachary-hicks-897
898,Any little,Justin Baker,1886,justin-baker-898
899,Today after,Anthony Rodriguez,1902,anthony-rodriguez-899
900,Financial successful,Justin Baker,1986,justin-baker-900
901,Win direction,Abigail Shaffer,1880,abigail-shaffer-901
902,Wind kitchen,Stephanie Ross,1880,stephanie-ross-902
903,Especially indicate population,Sherry Decker,1865,sherry-decker-903
904,Kid tree,Tommy Walter,1839,tommy-walter-904
905,Scientist service test,Anthony Humphrey,1921,anthony-humphrey-905
906,Middle city,Cristian Santos,1823,cristian-santos-906
907,Remember idea,Connie Lawrence,1823,connie-lawrence-907
908,These ahead cover,Stephanie Ross,1824,stephanie-ross-908
909,Student economic,Shane Henderson,1989,shane-henderson-909
910,Anything growth current,Tommy Walter,2007,tommy-walter-910
911,Statement measure play,Gabrielle Davis,1942,gabrielle-davis-911
912,Race drop,Daniel Wagner,1950,daniel-wagner-912
913,Order concern that,Jeffrey Chavez,1943,jeffrey-chavez-913
914,Necessary general study else,Patty Perez,1971,patty-perez-914
915,Expect hit,Gina Moore,1905,gina-moore-915
916,Take sister,Ethan Adams,2023,ethan-adams-916
917,Tax positive,Sherry Decker,1992,sherry-decker-917
918,Especially important,Stephanie Ross,2022,stephanie-ross-918
919,Treatment,John Pierce,1813,john-pierce-919
920,Matter,Lisa Jackson,1953,lisa-jackson-920
921,Positive over,Carla Gray,1890,carla-gray-921
922,Door,Abigail Shaffer,1947,abigail-shaffer-922
923,Part wall,Tricia Valencia,1854,tricia-valencia-923
924,Interest heavy,Ryan Munoz,1968,ryan-munoz-924
925,Learn design few,Rebecca Henderson,1857,rebecca-henderson-925
926,Station however bill,Abigail Shaffer,1889,abigail-shaffer-926
927,Yourself whom style,Jeffrey Chavez,1894,jeffrey-chavez-927
928,Positive participant fear,Gina Moore,1995,gina-moore-928
929,Loss from,Derek Zuniga,1946,derek-zuniga-929
930,Political technology,Dylan Miller,2006,dylan-miller-930
931,Prevent weight,Stephanie Ross,2016,stephanie-ross-931
932,Could military,Jeffrey Chavez,1996,jeffrey-chavez-932
933,Tonight south,Brittany Farmer,1957,brittany-farmer-933
934,Identify floor cause agent,Anthony Humphrey,1964,anthony-humphrey-934
935,Young else industry,Jeffrey Chavez,1806,jeffrey-chavez-935
936,Say on yes,Elizabeth Fowler,1968,elizabeth-fowler-936
937,Gas require,Angelica Tucker,1868,angelica-tucker-937
938,Point little wait,Noah Rhodes,1846,noah-rhodes-938
939,Medical suddenly subject,Derek Zuniga,1979,derek-zuniga-939
940,Congress best campaign,Joshua Blair,1879,joshua-blair-940
941,Rise next,Patty Perez,1889,patty-perez-941
942,Water tonight,Allison Hill,1846,allison-hill-942
943,Develop development,Ryan Munoz,1944,ryan-munoz-943
944,Inside thought,Sherry Decker,1902,sherry-decker-944
945,End family surface,Cristian Santos,1836,cristian-santos-945
946,Approach plant oil,Shane Henderson,1962,shane-henderson-946
947,Author threat matter test,Noah Rhodes,1823,noah-rhodes-947
948,Morning including that,Shane Henderson,1935,shane-henderson-948
949,Case customer,Michele Williams,1896,michele-williams-949
950,Would throughout would,Justin Baker,1916,justin-baker-950
951,First resource,Patty Perez,1840,patty-perez-951
952,Maintain piece,Tommy Walter,1879,tommy-walter-952
953,Finish around,John Pierce,1883,john-pierce-953
954,Event seven collection,Eric Carney,1945,eric-carney-954
955,Majority shake,Elizabeth Fowler,1821,elizabeth-fowler-955
956,Can its,Daniel Wagner,1839,daniel-wagner-956
957,Idea whole himself,Monica Herrera,1993,monica-herrera-957
958,None,Brittany Farmer,1812,brittany-farmer-958
959,Room wear,Anthony Humphrey,1820,anthony-humphrey-959
960,Series most adult,Derek Zuniga,1913,derek-zuniga-960
961,Produce,Sherry Decker,1908,sherry-decker-961
962,Difficult theory,James Ferrell,1955,james-ferrell-962
963,Can himself,Zachary Hicks,1906,zachary-hicks-963
964,Fill assume animal way,Derek Zuniga,1855,derek-zuniga-964
965,Road others full,Joshua Blair,1931,joshua-blair-965
966,Garden top,Gina Moore,1888,gina-moore-966
967,Seek close trade,Stephanie Ross,1828,stephanie-ross-967
968,Affect difference world,Lisa Jackson,1973,lisa-jackson-968
969,Safe operation,Anthony Humphrey,1951,anthony-humphrey-969
970,But represent,James Ferrell,1934,james-ferrell-970
971,How,Sherry Decker,1878,sherry-decker-971
972,Side perhaps,Angie Henderson,1856,angie-henderson-972
973,Yes product president after,Judy Baker,1953,judy-baker-973
974,Indicate herself,Daniel Wagner,1801,daniel-wagner-974
975,Education reduce day,Michele Williams,1877,michele-williams-975
976,Act inside big minute,Michele Williams,1996,michele-williams-976
977,Paper case store bit,Gabrielle Davis,1995,gabrielle-davis-977
978,Brother box blood cup,Holly Wood,1874,holly-wood-978
979,Sing story,Margaret Hawkins DDS,1830,margaret-hawkins-dds-979
980,Group important,Allison Hill,1927,allison-hill-980
981,Always many,Shane Henderson,1910,shane-henderson-981
982,Read lose,Jamie Arnold,1833,jamie-arnold-982
983,Able public,Matthew Foster,1936,matthew-foster-983
984,Structure protect,Philip Cannon,1858,philip-cannon-984
985,We single,Tricia Valencia,1943,tricia-valencia-985
986,Rich big,Sherry Decker,2006,sherry-decker-986
987,Popular lead,Ethan Adams,1818,ethan-adams-987
988,Enough anyone,Judy Baker,2020,judy-baker-988
989,Them system,Shane Henderson,1810,shane-henderson-989
990,Soon fine school,Stephanie Ross,1804,stephanie-ross-990
991,Surface three,Anthony Rodriguez,1819,anthony-rodriguez-991
992,Together,Margaret Hawkins DDS,1947,margaret-hawkins-dds-992
993,Professional color,Stephanie Ross,1946,stephanie-ross-993
994,Thus western environmental,Judy Baker,1981,judy-baker-994
995,Head garden,Paula Moreno,1906,paula-moreno-995
996,Husband while,Lisa Jackson,1829,lisa-jackson-996
997,Structure ready,Judy Baker,1805,judy-baker-997
998,Son power someone,Margaret Hawkins DDS,1843,margaret-hawkins-dds-998
999,Car risk,Brittany Farmer,1917,brittany-farmer-999
1000,Billion treat,Angelica Tucker,1892,angelica-tucker-1000
